id,name,lastname,isEmpty
84,       Aaron,       Ross,false
252,       Aaron,       Smith,false
458,       Aaron,       Hayes,false
655,       Aaron,       Rice,false
740,       Aaron,       Ruiz,false
925,       Aaron,       Ramos,false
223,       Adam,       Nichols,false
354,       Adam,       Montgomery,false
460,       Alan,       Carpenter,false
560,       Alan,       Ortiz,false
628,       Alan,       Miller,false
359,       Alan,       Crawford,false
444,       Alan,       Wright,false
6,       Alan,       Webb,false
293,       Albert,       Frazier,false
314,       Albert,       Thomas,false
14,       Albert,       Sanchez,false
894,       Albert,       Oliver,false
171,       Albert,       Nelson,false
829,       Alice,       Lee,false
159,       Alice,       Sanders,false
631,       Alice,       Diaz,false
965,       Alice,       Hudson,false
393,       Amanda,       Graham,false
353,       Amanda,       Cox,false
79,       Amanda,       Lawrence,false
638,       Amanda,       Ross,false
25,       Amanda,       Myers,false
830,       Amy,       Spencer,false
329,       Andrea,       Reyes,false
909,       Andrea,       Burton,false
626,       Andrea,       Cole,false
938,       Andrea,       Hughes,false
187,       Andrea,       Hunter,false
139,       Andrew,       Payne,false
584,       Andrew,       Bradley,false
69,       Andrew,       Hawkins,false
260,       Andrew,       Wells,false
383,       Andrew,       Collins,false
629,       Angela,       Harrison,false
563,       Angela,       White,false
205,       Angela,       Rose,false
646,       Angela,       Morrison,false
342,       Angela,       Green,false
352,       Angela,       Henry,false
742,       Angela,       Brown,false
999,       Angela,       Arnold,false
570,       Ann,       Harris,false
319,       Ann,       Perkins,false
591,       Ann,       Simpson,false
527,       Ann,       Gomez,false
943,       Anna,       Burton,false
291,       Anna,       Grant,false
641,       Anna,       Stewart,false
545,       Anne,       Carr,false
555,       Anne,       Bradley,false
955,       Anne,       Cox,false
816,       Anne,       Larson,false
974,       Anne,       Burton,false
388,       Anne,       Kennedy,false
2,       Annie,       Castillo,false
24,       Annie,       Ellis,false
391,       Anthony,       Jones,false
119,       Anthony,       Schmidt,false
792,       Anthony,       Hunt,false
346,       Anthony,       Howard,false
711,       Anthony,       Riley,false
89,       Antonio,       Greene,false
478,       Antonio,       Lopez,false
374,       Antonio,       Robertson,false
537,       Antonio,       Garza,false
438,       Antonio,       Jordan,false
76,       Antonio,       Reyes,false
132,       Antonio,       Harrison,false
30,       Arthur,       Gray,false
226,       Arthur,       Hunter,false
562,       Arthur,       Stephens,false
676,       Arthur,       Perry,false
698,       Arthur,       Thompson,false
928,       Arthur,       Harris,false
883,       Ashley,       Walker,false
724,       Ashley,       White,false
896,       Ashley,       Weaver,false
230,       Barbara,       Welch,false
673,       Barbara,       James,false
947,       Barbara,       Lawrence,false
116,       Barbara,       Fowler,false
576,       Barbara,       Bryant,false
65,       Barbara,       Gray,false
652,       Barbara,       Gibson,false
50,       Benjamin,       Nguyen,false
82,       Benjamin,       Fox,false
759,       Benjamin,       Henderson,false
547,       Benjamin,       Fernandez,false
795,       Benjamin,       Harrison,false
514,       Benjamin,       Thomas,false
209,       Benjamin,       Howard,false
33,       Betty,       Mason,false
844,       Betty,       Carpenter,false
983,       Betty,       Ramirez,false
717,       Betty,       Andrews,false
189,       Beverly,       Watkins,false
978,       Beverly,       Cook,false
286,       Beverly,       Hughes,false
811,       Beverly,       James,false
75,       Billy,       Collins,false
510,       Billy,       Lee,false
794,       Billy,       Spencer,false
38,       Billy,       Riley,false
979,       Billy,       Hawkins,false
299,       Billy,       Gonzalez,false
747,       Billy,       Bailey,false
483,       Bobby,       Oliver,false
908,       Bobby,       Reed,false
436,       Bobby,       Greene,false
481,       Bobby,       Gilbert,false
659,       Bobby,       Hall,false
26,       Bonnie,       Bailey,false
730,       Bonnie,       Johnson,false
853,       Bonnie,       Green,false
59,       Bonnie,       Reynolds,false
195,       Brandon,       Moreno,false
530,       Brandon,       Simpson,false
424,       Brandon,       Weaver,false
221,       Brandon,       Howard,false
47,       Brandon,       Foster,false
578,       Brenda,       Lane,false
728,       Brenda,       Robertson,false
146,       Brenda,       West,false
51,       Brenda,       Young,false
826,       Brenda,       Sanchez,false
962,       Brenda,       George,false
945,       Brian,       Matthews,false
67,       Brian,       Hicks,false
362,       Brian,       Foster,false
265,       Brian,       Andrews,false
810,       Brian,       Rose,false
178,       Bruce,       Burns,false
52,       Bruce,       Stewart,false
457,       Bruce,       Ramos,false
861,       Bruce,       Ruiz,false
412,       Bruce,       Jackson,false
886,       Bruce,       Turner,false
240,       Bruce,       Clark,false
347,       Bruce,       Fernandez,false
888,       Carl,       Watson,false
263,       Carl,       Cook,false
295,       Carl,       Snyder,false
902,       Carl,       Burke,false
623,       Carlos,       Nichols,false
751,       Carlos,       Edwards,false
239,       Carlos,       Patterson,false
61,       Carlos,       Hall,false
839,       Carlos,       Hill,false
738,       Carol,       Fuller,false
870,       Carol,       Green,false
878,       Carol,       Mitchell,false
705,       Carol,       Thomas,false
284,       Carol,       Fox,false
371,       Carolyn,       Jackson,false
245,       Carolyn,       Powell,false
115,       Carolyn,       Gray,false
406,       Catherine,       West,false
592,       Catherine,       Alexander,false
934,       Catherine,       Peterson,false
872,       Catherine,       Stanley,false
648,       Catherine,       Dunn,false
519,       Charles,       Duncan,false
208,       Charles,       Mills,false
627,       Cheryl,       Burns,false
255,       Cheryl,       Sullivan,false
408,       Cheryl,       Torres,false
48,       Cheryl,       Jones,false
581,       Cheryl,       Andrews,false
752,       Cheryl,       Arnold,false
218,       Cheryl,       Jacobs,false
848,       Cheryl,       Davis,false
433,       Cheryl,       Hansen,false
517,       Cheryl,       Coleman,false
434,       Cheryl,       Snyder,false
476,       Cheryl,       Hart,false
506,       Chris,       Webb,false
670,       Chris,       Gilbert,false
649,       Chris,       Jacobs,false
889,       Chris,       Washington,false
167,       Chris,       Collins,false
466,       Chris,       Long,false
94,       Christina,       Bennett,false
151,       Christina,       Martinez,false
688,       Christina,       Arnold,false
376,       Christina,       Matthews,false
847,       Christina,       Howell,false
573,       Christina,       Lynch,false
997,       Christina,       Price,false
126,       Christina,       Fuller,false
601,       Christine,       Murray,false
857,       Christine,       Cook,false
184,       Christine,       Palmer,false
869,       Christine,       Elliott,false
538,       Christine,       Carter,false
639,       Christine,       Butler,false
83,       Christine,       Parker,false
349,       Christine,       Carr,false
86,       Christopher,       Wood,false
770,       Christopher,       Frazier,false
529,       Christopher,       Austin,false
834,       Christopher,       Gonzales,false
998,       Christopher,       Ford,false
704,       Christopher,       Cooper,false
493,       Clarence,       Diaz,false
855,       Clarence,       Ruiz,false
969,       Clarence,       Elliott,false
937,       Clarence,       Lane,false
501,       Clarence,       Wright,false
413,       Craig,       Webb,false
502,       Craig,       Gonzalez,false
400,       Cynthia,       Perry,false
302,       Cynthia,       Burns,false
396,       Daniel,       Gutierrez,false
421,       Daniel,       Mendoza,false
606,       Daniel,       Carter,false
645,       Daniel,       Simmons,false
549,       David,       Flores,false
846,       David,       Cooper,false
723,       David,       Johnson,false
181,       David,       Burke,false
276,       David,       Kelley,false
856,       Deborah,       Andrews,false
513,       Deborah,       Carter,false
987,       Deborah,       Cruz,false
215,       Deborah,       Smith,false
316,       Deborah,       Jackson,false
402,       Deborah,       Reyes,false
373,       Debra,       Stone,false
994,       Debra,       Rogers,false
904,       Debra,       Simpson,false
361,       Debra,       Vasquez,false
806,       Debra,       Johnston,false
906,       Denise,       Edwards,false
663,       Denise,       Carter,false
516,       Denise,       Flores,false
598,       Denise,       Mason,false
589,       Denise,       Arnold,false
90,       Denise,       Black,false
308,       Dennis,       Stone,false
600,       Dennis,       Harvey,false
686,       Dennis,       Ryan,false
863,       Dennis,       Payne,false
835,       Diana,       Gibson,false
405,       Diana,       Tucker,false
920,       Diana,       Perry,false
21,       Diana,       Young,false
447,       Diana,       Hughes,false
891,       Diana,       Peters,false
800,       Diane,       Jones,false
805,       Diane,       Jones,false
241,       Diane,       Stewart,false
190,       Diane,       Knight,false
313,       Diane,       Woods,false
271,       Donald,       Bryant,false
495,       Donald,       Harris,false
304,       Donald,       Roberts,false
557,       Donna,       Crawford,false
977,       Donna,       Johnson,false
615,       Donna,       Foster,false
619,       Donna,       Green,false
251,       Donna,       Armstrong,false
392,       Doris,       Jones,false
292,       Doris,       Carr,false
256,       Dorothy,       Ford,false
882,       Dorothy,       White,false
986,       Dorothy,       Stevens,false
250,       Dorothy,       Garrett,false
199,       Douglas,       Lee,false
235,       Douglas,       Stephens,false
268,       Douglas,       Armstrong,false
832,       Earl,       Fowler,false
778,       Earl,       Nguyen,false
137,       Earl,       Hansen,false
603,       Earl,       Frazier,false
814,       Earl,       Burton,false
833,       Edward,       Banks,false
552,       Edward,       Welch,false
134,       Edward,       Porter,false
155,       Edward,       Williamson,false
303,       Edward,       Mcdonald,false
106,       Elizabeth,       Hunt,false
228,       Elizabeth,       Wagner,false
107,       Elizabeth,       Torres,false
174,       Elizabeth,       Miller,false
662,       Emily,       Oliver,false
285,       Emily,       Young,false
474,       Emily,       Dunn,false
658,       Emily,       Riley,false
746,       Emily,       Hunter,false
220,       Emily,       Edwards,false
960,       Emily,       Fernandez,false
399,       Eric,       Perry,false
1,       Eric,       Knight,false
432,       Eric,       Scott,false
992,       Eric,       Long,false
473,       Ernest,       Patterson,false
981,       Ernest,       Welch,false
990,       Ernest,       Gibson,false
803,       Ernest,       Bowman,false
787,       Eugene,       Lee,false
577,       Eugene,       Gonzalez,false
762,       Eugene,       Moreno,false
936,       Eugene,       Knight,false
244,       Eugene,       Gibson,false
343,       Eugene,       Porter,false
782,       Eugene,       Lynch,false
85,       Evelyn,       Nelson,false
930,       Evelyn,       Black,false
211,       Evelyn,       Vasquez,false
236,       Evelyn,       Bradley,false
39,       Evelyn,       Rivera,false
395,       Evelyn,       Wright,false
854,       Evelyn,       Long,false
719,       Frances,       Montgomery,false
625,       Frances,       Garrett,false
108,       Frances,       Grant,false
695,       Frances,       Medina,false
677,       Frances,       Webb,false
63,       Frank,       Webb,false
298,       Frank,       Castillo,false
731,       Frank,       Chavez,false
479,       Fred,       Dean,false
325,       Fred,       Perkins,false
326,       Fred,       Baker,false
647,       Fred,       Simpson,false
989,       Gary,       Austin,false
900,       Gary,       Mitchell,false
398,       Gary,       Bishop,false
130,       Gary,       Harrison,false
9,       Gary,       Sanchez,false
322,       Gary,       Mendoza,false
305,       Gary,       Weaver,false
885,       George,       Watkins,false
411,       George,       Baker,false
232,       George,       Harper,false
229,       George,       Barnes,false
40,       Gerald,       Alvarez,false
357,       Gerald,       Mitchell,false
597,       Gloria,       Larson,false
774,       Gloria,       Howell,false
219,       Gloria,       Richards,false
449,       Gloria,       Hawkins,false
58,       Gloria,       Robinson,false
35,       Gregory,       Hudson,false
36,       Gregory,       Hart,false
683,       Gregory,       Banks,false
456,       Harold,       Fox,false
350,       Harold,       Bowman,false
818,       Harold,       Hawkins,false
448,       Harry,       Mccoy,false
407,       Harry,       Price,false
197,       Harry,       Allen,false
526,       Heather,       Henry,false
112,       Heather,       Gonzales,false
417,       Heather,       Edwards,false
191,       Heather,       Cox,false
210,       Heather,       Campbell,false
403,       Heather,       Frazier,false
378,       Heather,       Cole,false
953,       Helen,       Cook,false
140,       Helen,       Moore,false
667,       Helen,       Webb,false
306,       Helen,       Simmons,false
498,       Helen,       Carter,false
258,       Helen,       Mendoza,false
414,       Helen,       Welch,false
29,       Henry,       Bailey,false
898,       Henry,       Robinson,false
104,       Henry,       Diaz,false
820,       Henry,       Stevens,false
394,       Henry,       Snyder,false
715,       Henry,       Rose,false
993,       Henry,       Sims,false
311,       Henry,       Richardson,false
566,       Henry,       Collins,false
849,       Henry,       Schmidt,false
13,       Henry,       Jordan,false
859,       Howard,       Nelson,false
331,       Howard,       Pierce,false
763,       Howard,       Peters,false
821,       Howard,       Howard,false
12,       Irene,       Cook,false
150,       Irene,       Duncan,false
700,       Irene,       Taylor,false
42,       Jack,       Davis,false
246,       Jack,       Fox,false
93,       Jack,       Campbell,false
453,       Jack,       Brown,false
203,       Jacqueline,       Chavez,false
418,       Jacqueline,       Romero,false
233,       Jacqueline,       Jacobs,false
959,       Jacqueline,       Ryan,false
234,       James,       Cruz,false
914,       James,       Burton,false
401,       James,       Roberts,false
534,       James,       Dixon,false
143,       James,       Taylor,false
375,       James,       Phillips,false
172,       Jane,       Hanson,false
621,       Jane,       Mitchell,false
556,       Jane,       Warren,false
145,       Janet,       Walker,false
779,       Janet,       Henry,false
198,       Janet,       Pierce,false
971,       Janet,       Burton,false
817,       Janet,       Duncan,false
464,       Janice,       Torres,false
95,       Janice,       Simmons,false
785,       Janice,       Hall,false
737,       Janice,       Gonzales,false
899,       Janice,       Lane,false
949,       Janice,       Johnston,false
188,       Janice,       Dixon,false
972,       Janice,       Perkins,false
105,       Jason,       Chapman,false
420,       Jason,       Cruz,false
8,       Jason,       Perez,false
874,       Jason,       Hawkins,false
657,       Jason,       Walker,false
423,       Jean,       Olson,false
860,       Jean,       Medina,false
288,       Jean,       Richardson,false
980,       Jean,       Mitchell,false
419,       Jean,       Gibson,false
158,       Jean,       Vasquez,false
389,       Jean,       Carroll,false
567,       Jean,       Stone,false
608,       Jeffrey,       Russell,false
450,       Jeffrey,       Crawford,false
637,       Jeffrey,       Kennedy,false
755,       Jeffrey,       Sullivan,false
940,       Jeffrey,       Fuller,false
120,       Jeffrey,       Richards,false
732,       Jeffrey,       Bishop,false
919,       Jennifer,       Peters,false
429,       Jennifer,       Russell,false
996,       Jennifer,       Cox,false
565,       Jennifer,       Diaz,false
710,       Jennifer,       Burton,false
568,       Jennifer,       Turner,false
680,       Jeremy,       Porter,false
55,       Jeremy,       Hicks,false
675,       Jeremy,       Owens,false
687,       Jeremy,       Long,false
553,       Jeremy,       Alexander,false
776,       Jeremy,       Kennedy,false
125,       Jeremy,       Spencer,false
509,       Jerry,       White,false
262,       Jerry,       Wheeler,false
445,       Jerry,       Diaz,false
954,       Jerry,       Rivera,false
593,       Jerry,       Rice,false
985,       Jesse,       Bradley,false
431,       Jesse,       Mason,false
320,       Jesse,       Garrett,false
141,       Jesse,       Ferguson,false
465,       Jessica,       Allen,false
773,       Jessica,       Holmes,false
551,       Jimmy,       Howell,false
823,       Jimmy,       Robertson,false
278,       Jimmy,       Matthews,false
180,       Jimmy,       Lynch,false
575,       Jimmy,       Peters,false
7,       Joan,       Payne,false
692,       Joan,       Wells,false
57,       Joan,       Larson,false
53,       Joan,       Price,false
777,       Joan,       Ward,false
294,       Joan,       Morgan,false
790,       Joe,       Stewart,false
571,       Joe,       Thomas,false
768,       Joe,       Sims,false
153,       Joe,       Washington,false
416,       Joe,       Stone,false
630,       John,       Wells,false
496,       John,       Watson,false
340,       John,       Morrison,false
729,       Johnny,       Perez,false
3,       Johnny,       Dunn,false
542,       Johnny,       Sullivan,false
339,       Jonathan,       Adams,false
170,       Jonathan,       Nichols,false
976,       Jonathan,       Chavez,false
179,       Jose,       Murray,false
679,       Jose,       Gutierrez,false
720,       Jose,       Barnes,false
769,       Jose,       Elliott,false
523,       Jose,       Fisher,false
366,       Jose,       Hanson,false
933,       Joseph,       Chapman,false
807,       Joseph,       King,false
721,       Joseph,       Simmons,false
163,       Joseph,       Schmidt,false
973,       Joseph,       Freeman,false
775,       Joshua,       Knight,false
309,       Joshua,       Baker,false
472,       Joshua,       Lynch,false
287,       Joyce,       Grant,false
379,       Joyce,       White,false
569,       Joyce,       Oliver,false
161,       Joyce,       Mccoy,false
337,       Juan,       Stephens,false
881,       Juan,       Green,false
554,       Juan,       Watson,false
524,       Juan,       Romero,false
289,       Juan,       Harper,false
622,       Juan,       Alexander,false
318,       Judith,       Ryan,false
875,       Judith,       Austin,false
685,       Judith,       Gomez,false
273,       Judith,       Jordan,false
113,       Judy,       Burke,false
802,       Judy,       Hawkins,false
783,       Judy,       Cole,false
681,       Judy,       Diaz,false
109,       Judy,       Stanley,false
283,       Judy,       Williamson,false
336,       Judy,       Simpson,false
503,       Judy,       Mitchell,false
41,       Judy,       Wagner,false
713,       Julia,       Thompson,false
274,       Julie,       Lopez,false
468,       Julie,       Berry,false
761,       Julie,       Carpenter,false
441,       Julie,       Hudson,false
135,       Julie,       Bailey,false
766,       Julie,       Boyd,false
922,       Justin,       Hall,false
437,       Justin,       Bowman,false
216,       Justin,       Simpson,false
486,       Karen,       Austin,false
532,       Karen,       Black,false
865,       Karen,       Howard,false
136,       Katherine,       King,false
982,       Katherine,       Sanchez,false
428,       Katherine,       Jordan,false
588,       Katherine,       Morales,false
929,       Katherine,       Martin,false
590,       Kathleen,       Reid,false
544,       Kathleen,       Rogers,false
948,       Kathleen,       Gomez,false
279,       Kathleen,       Hall,false
764,       Kathleen,       Carpenter,false
160,       Kathleen,       Morales,false
546,       Kathryn,       Dixon,false
939,       Kathryn,       Duncan,false
100,       Kathryn,       Hunter,false
384,       Kathryn,       Murray,false
852,       Kathy,       Porter,false
224,       Kathy,       Butler,false
614,       Kathy,       Sanchez,false
907,       Kathy,       Carpenter,false
640,       Kathy,       Harrison,false
957,       Kathy,       Bryant,false
15,       Kathy,       Arnold,false
60,       Keith,       Evans,false
539,       Keith,       Cunningham,false
812,       Keith,       Shaw,false
380,       Keith,       Hernandez,false
11,       Keith,       Lynch,false
27,       Keith,       Hicks,false
707,       Keith,       Mcdonald,false
804,       Kelly,       Berry,false
599,       Kelly,       Willis,false
68,       Kelly,       Gardner,false
828,       Kelly,       Payne,false
272,       Kelly,       Jenkins,false
851,       Kenneth,       Ward,false
300,       Kenneth,       Brooks,false
443,       Kenneth,       Knight,false
253,       Kevin,       Snyder,false
750,       Kevin,       Schmidt,false
843,       Kevin,       Duncan,false
88,       Kevin,       Webb,false
706,       Kevin,       Berry,false
754,       Kevin,       Nguyen,false
118,       Kevin,       Jordan,false
156,       Kimberly,       Lawrence,false
370,       Kimberly,       Peterson,false
743,       Kimberly,       Snyder,false
138,       Kimberly,       Ferguson,false
696,       Larry,       Butler,false
267,       Larry,       Alexander,false
633,       Larry,       Bailey,false
586,       Larry,       Fisher,false
467,       Larry,       Brooks,false
500,       Larry,       Perez,false
699,       Laura,       Kelly,false
917,       Laura,       Clark,false
439,       Laura,       Harrison,false
4,       Lawrence,       Payne,false
66,       Lawrence,       Torres,false
587,       Lawrence,       Harper,false
317,       Lillian,       Boyd,false
193,       Lillian,       Boyd,false
650,       Lillian,       Evans,false
767,       Lillian,       Scott,false
364,       Lillian,       Dean,false
613,       Linda,       Romero,false
690,       Linda,       Rice,false
691,       Linda,       Thompson,false
862,       Linda,       Gilbert,false
280,       Linda,       Arnold,false
356,       Lisa,       Hansen,false
533,       Lisa,       Campbell,false
492,       Lisa,       Gibson,false
461,       Lisa,       Dixon,false
887,       Lisa,       Parker,false
225,       Lisa,       Andrews,false
968,       Lisa,       Porter,false
780,       Lisa,       Walker,false
838,       Lois,       Wilson,false
80,       Lois,       Gordon,false
165,       Lois,       Austin,false
183,       Lois,       Rivera,false
154,       Lois,       Knight,false
714,       Lois,       Reyes,false
535,       Lori,       Day,false
490,       Lori,       Carr,false
786,       Lori,       Parker,false
49,       Louis,       Little,false
131,       Louis,       Edwards,false
497,       Louis,       Brooks,false
404,       Louis,       Stanley,false
101,       Louise,       Hernandez,false
798,       Louise,       Tucker,false
10,       Louise,       Davis,false
911,       Margaret,       Young,false
951,       Margaret,       Berry,false
435,       Margaret,       Arnold,false
77,       Margaret,       Wells,false
264,       Maria,       Dixon,false
338,       Maria,       Bailey,false
521,       Maria,       Arnold,false
956,       Marie,       Rose,false
918,       Marie,       Jenkins,false
879,       Marie,       Simmons,false
903,       Marie,       Wells,false
249,       Marilyn,       Burton,false
797,       Marilyn,       Fisher,false
87,       Marilyn,       Rice,false
452,       Marilyn,       Fernandez,false
363,       Marilyn,       Harrison,false
504,       Marilyn,       Butler,false
206,       Marilyn,       Meyer,false
528,       Marilyn,       Morales,false
515,       Mark,       Fowler,false
520,       Mark,       Howard,false
430,       Mark,       King,false
149,       Mark,       Lewis,false
749,       Martha,       Hayes,false
275,       Martha,       Dean,false
970,       Martha,       Roberts,false
133,       Martha,       Hamilton,false
328,       Martha,       Richards,false
753,       Martha,       Carter,false
836,       Martha,       Mason,false
102,       Martha,       Lee,false
114,       Martha,       Rivera,false
512,       Martin,       Jackson,false
824,       Martin,       Russell,false
793,       Martin,       Frazier,false
893,       Martin,       Stanley,false
559,       Martin,       James,false
895,       Martin,       Robertson,false
799,       Martin,       Matthews,false
664,       Mary,       Edwards,false
867,       Mary,       Gibson,false
168,       Mary,       Hicks,false
360,       Mary,       Fox,false
1000,       Mary,       Elliott,false
341,       Matthew,       Riley,false
734,       Matthew,       Wheeler,false
958,       Matthew,       Brown,false
916,       Matthew,       Lee,false
71,       Matthew,       Campbell,false
1001,       Melina,       Mamani,false
825,       Melissa,       Gonzalez,false
123,       Melissa,       Hansen,false
72,       Melissa,       Black,false
602,       Michael,       Morgan,false
269,       Michael,       Graham,false
330,       Michael,       Little,false
716,       Michelle,       Dean,false
841,       Michelle,       Cooper,false
200,       Michelle,       James,false
207,       Michelle,       Dunn,false
64,       Mildred,       Meyer,false
148,       Mildred,       Mason,false
202,       Mildred,       Henderson,false
758,       Nancy,       Franklin,false
62,       Nancy,       Burton,false
536,       Nancy,       Gonzalez,false
487,       Nancy,       Kim,false
446,       Nancy,       Cox,false
975,       Nancy,       Shaw,false
718,       Nancy,       Martinez,false
277,       Nicholas,       Clark,false
227,       Nicholas,       Price,false
451,       Nicholas,       Dixon,false
840,       Nicholas,       Tucker,false
890,       Nicholas,       Dixon,false
475,       Nicole,       Montgomery,false
212,       Nicole,       Perkins,false
147,       Nicole,       Allen,false
415,       Nicole,       Ramos,false
281,       Nicole,       Austin,false
813,       Nicole,       Franklin,false
884,       Norma,       Elliott,false
574,       Norma,       Porter,false
842,       Norma,       Stanley,false
518,       Pamela,       Hall,false
952,       Pamela,       Butler,false
966,       Pamela,       Diaz,false
175,       Patricia,       Hamilton,false
543,       Patricia,       Hansen,false
454,       Patricia,       Ortiz,false
995,       Patricia,       Johnston,false
372,       Patricia,       Long,false
18,       Patricia,       Mason,false
344,       Patricia,       Kelly,false
708,       Patricia,       Webb,false
367,       Patricia,       Rivera,false
201,       Patricia,       Hanson,false
157,       Patrick,       Young,false
204,       Patrick,       Jones,false
946,       Patrick,       Henry,false
789,       Patrick,       Thomas,false
579,       Patrick,       Garrett,false
682,       Paul,       Mendoza,false
988,       Paul,       Crawford,false
815,       Paul,       Cole,false
54,       Paul,       George,false
703,       Paul,       Johnson,false
128,       Paul,       Richards,false
397,       Paul,       Porter,false
368,       Paula,       Riley,false
921,       Paula,       Fisher,false
808,       Paula,       Cole,false
967,       Paula,       Wells,false
912,       Paula,       Perry,false
335,       Paula,       Ward,false
660,       Peter,       King,false
564,       Peter,       Lawson,false
617,       Peter,       Stanley,false
176,       Peter,       Berry,false
689,       Phillip,       Martinez,false
726,       Phillip,       Hicks,false
618,       Phillip,       Matthews,false
20,       Phillip,       Gardner,false
243,       Phyllis,       Hudson,false
927,       Phyllis,       Gutierrez,false
871,       Phyllis,       Olson,false
248,       Phyllis,       Fowler,false
733,       Phyllis,       Wright,false
81,       Phyllis,       Brooks,false
110,       Phyllis,       Lawson,false
672,       Phyllis,       Richardson,false
124,       Rachel,       Hanson,false
333,       Rachel,       Hudson,false
866,       Rachel,       Ray,false
636,       Ralph,       Richards,false
674,       Ralph,       Perkins,false
757,       Ralph,       Peterson,false
736,       Ralph,       Taylor,false
301,       Randy,       Bryant,false
270,       Randy,       George,false
669,       Randy,       Murphy,false
442,       Randy,       Lee,false
702,       Randy,       Gonzales,false
499,       Raymond,       Pierce,false
390,       Raymond,       Gutierrez,false
257,       Raymond,       Boyd,false
665,       Raymond,       Griffin,false
984,       Raymond,       Richards,false
511,       Raymond,       Weaver,false
850,       Raymond,       Reynolds,false
661,       Rebecca,       Torres,false
297,       Rebecca,       Woods,false
678,       Rebecca,       Lane,false
607,       Rebecca,       Fox,false
831,       Richard,       Johnston,false
991,       Richard,       Ellis,false
873,       Richard,       Payne,false
307,       Richard,       Bryant,false
358,       Richard,       Burton,false
772,       Richard,       Moreno,false
583,       Robert,       Johnson,false
961,       Robert,       Walker,false
880,       Robert,       Edwards,false
34,       Robert,       Green,false
612,       Robert,       Freeman,false
709,       Robin,       Williams,false
382,       Robin,       Miller,false
837,       Robin,       Watkins,false
892,       Robin,       Gordon,false
164,       Robin,       Rogers,false
70,       Roger,       Lane,false
422,       Roger,       Garrett,false
98,       Roger,       Washington,false
459,       Roger,       Nelson,false
37,       Roger,       Matthews,false
386,       Roger,       Gomez,false
196,       Roger,       Arnold,false
756,       Roger,       Matthews,false
470,       Ronald,       Flores,false
377,       Ronald,       Ortiz,false
186,       Ronald,       Scott,false
488,       Ronald,       Edwards,false
548,       Ronald,       Little,false
334,       Rose,       Carter,false
369,       Rose,       Willis,false
482,       Rose,       Peterson,false
469,       Rose,       Franklin,false
409,       Rose,       Spencer,false
351,       Rose,       Mendoza,false
185,       Roy,       Holmes,false
17,       Roy,       Gardner,false
604,       Roy,       Scott,false
348,       Roy,       Fields,false
121,       Roy,       Lane,false
144,       Roy,       Lynch,false
266,       Roy,       Diaz,false
194,       Roy,       Myers,false
489,       Ruby,       Armstrong,false
722,       Ruby,       Morrison,false
580,       Ruby,       Perkins,false
561,       Ruby,       Johnson,false
924,       Ruth,       Reyes,false
427,       Ruth,       Romero,false
868,       Ruth,       Wood,false
725,       Ruth,       Chapman,false
950,       Ruth,       Hawkins,false
410,       Ruth,       Porter,false
310,       Ryan,       Reid,false
355,       Ryan,       Jackson,false
744,       Ryan,       Shaw,false
642,       Ryan,       Morris,false
282,       Ryan,       Hudson,false
624,       Ryan,       Cox,false
684,       Ryan,       Harvey,false
651,       Samuel,       Long,false
540,       Samuel,       Thomas,false
541,       Samuel,       Gonzales,false
19,       Samuel,       Chapman,false
23,       Samuel,       Carter,false
111,       Sandra,       Hill,false
963,       Sandra,       Hart,false
643,       Sandra,       Burns,false
5,       Sara,       Duncan,false
610,       Sara,       Coleman,false
594,       Sara,       Dixon,false
290,       Sara,       Williams,false
217,       Sara,       Lawrence,false
531,       Sara,       Morgan,false
941,       Sara,       Russell,false
462,       Sara,       Williamson,false
91,       Sarah,       Robertson,false
701,       Sarah,       Ross,false
801,       Sarah,       Hunter,false
931,       Scott,       Diaz,false
611,       Scott,       Reid,false
781,       Scott,       Rice,false
312,       Scott,       Owens,false
28,       Scott,       Peters,false
494,       Scott,       Larson,false
323,       Sean,       Rodriguez,false
471,       Sean,       Martinez,false
913,       Sean,       Gonzales,false
932,       Sean,       Gibson,false
616,       Sean,       Baker,false
595,       Sean,       Frazier,false
935,       Sean,       Shaw,false
944,       Sean,       Ramirez,false
620,       Sharon,       Williams,false
582,       Shawn,       Mccoy,false
748,       Shawn,       Moore,false
162,       Shawn,       Chavez,false
712,       Shawn,       Rivera,false
117,       Shawn,       Kelly,false
238,       Shirley,       Perkins,false
550,       Shirley,       Robinson,false
222,       Shirley,       Freeman,false
635,       Shirley,       Stewart,false
365,       Shirley,       Olson,false
915,       Shirley,       Castillo,false
247,       Shirley,       Cruz,false
644,       Shirley,       Edwards,false
771,       Stephanie,       Rivera,false
477,       Stephanie,       Scott,false
122,       Stephanie,       Hayes,false
142,       Stephanie,       Fowler,false
693,       Stephanie,       Simpson,false
654,       Stephanie,       Stewart,false
182,       Stephanie,       Gray,false
44,       Stephen,       George,false
463,       Stephen,       West,false
32,       Stephen,       Hayes,false
127,       Stephen,       Mcdonald,false
177,       Stephen,       Howard,false
697,       Stephen,       Duncan,false
741,       Stephen,       Ryan,false
56,       Stephen,       Davis,false
480,       Stephen,       Moore,false
876,       Steve,       Bryant,false
192,       Steve,       Ryan,false
385,       Steve,       Clark,false
668,       Steven,       Campbell,false
609,       Steven,       Chapman,false
103,       Steven,       Weaver,false
455,       Steven,       Hill,false
942,       Steven,       Ross,false
653,       Steven,       Foster,false
877,       Steven,       Carroll,false
296,       Susan,       George,false
897,       Susan,       Crawford,false
739,       Susan,       Ford,false
332,       Susan,       Sims,false
791,       Susan,       Rivera,false
152,       Tammy,       Evans,false
31,       Tammy,       Williamson,false
387,       Tammy,       Lawson,false
864,       Tammy,       Lewis,false
129,       Tammy,       Lynch,false
254,       Teresa,       Reyes,false
910,       Teresa,       Howard,false
634,       Teresa,       Wells,false
694,       Teresa,       Gray,false
858,       Teresa,       Hill,false
45,       Terry,       Powell,false
819,       Terry,       Palmer,false
345,       Terry,       Gilbert,false
74,       Terry,       Hansen,false
809,       Theresa,       Garza,false
525,       Thomas,       Montgomery,false
96,       Thomas,       Warren,false
16,       Thomas,       Hill,false
22,       Thomas,       Burton,false
169,       Timothy,       Moore,false
381,       Timothy,       Bell,false
507,       Timothy,       Kelly,false
440,       Timothy,       Cox,false
632,       Timothy,       Reid,false
585,       Timothy,       Carter,false
727,       Timothy,       Perkins,false
173,       Tina,       Reed,false
788,       Tina,       Williamson,false
484,       Todd,       Richardson,false
73,       Todd,       Palmer,false
214,       Todd,       Kennedy,false
324,       Todd,       James,false
666,       Todd,       Meyer,false
99,       Victor,       Carpenter,false
905,       Victor,       Hughes,false
745,       Victor,       Morgan,false
572,       Victor,       Lewis,false
485,       Victor,       Cruz,false
425,       Virginia,       Stevens,false
926,       Virginia,       Jacobs,false
605,       Virginia,       Lee,false
259,       Virginia,       Oliver,false
508,       Walter,       Castillo,false
426,       Walter,       Henderson,false
231,       Walter,       Rodriguez,false
43,       Walter,       Kelly,false
784,       Walter,       Stone,false
237,       Walter,       Anderson,false
845,       Walter,       Burke,false
315,       Walter,       Green,false
46,       Wanda,       Johnson,false
671,       Wanda,       Diaz,false
321,       Wanda,       Bowman,false
827,       Wanda,       Mccoy,false
796,       Wanda,       Ferguson,false
166,       Wanda,       Gutierrez,false
505,       Wanda,       Rose,false
596,       Wayne,       Howell,false
92,       Wayne,       Shaw,false
261,       Wayne,       Bailey,false
97,       Wayne,       Sullivan,false
78,       Wayne,       Johnston,false
656,       Wayne,       Torres,false
735,       Wayne,       Martin,false
765,       Wayne,       Reed,false
213,       William,       Tucker,false
923,       William,       Duncan,false
964,       William,       Dean,false
327,       William,       Wood,false
558,       William,       Hunter,false
760,       Willie,       Martinez,false
901,       Willie,       Lewis,false
242,       Willie,       Patterson,false
822,       Willie,       Montgomery,false
491,       Willie,       Simpson,false
522,       Willie,       Watkins,false
1002,  Nicolas,  Castelli,false
1004,Alguien,Noc,true
1004,Ana,Fair,true
